Neighborhood,Latitude,Longitude,VenueName,VenueLatitude,VenueLongitude,VenueCategory
Saint-Germain-l'Auxerrois,48.859710000000064,2.3402400000000507,pharmacie 115,48.861605,2.342158,Pharmacy
Saint-Germain-l'Auxerrois,48.859710000000064,2.3402400000000507,City Pharma,48.85277134,2.33335961,Pharmacy
Saint-Germain-l'Auxerrois,48.859710000000064,2.3402400000000507,Pharmacie des Bernardins,48.84907731871775,2.3533095765643064,Pharmacy
Saint-Germain-l'Auxerrois,48.859710000000064,2.3402400000000507,Pharmacie Saint-Placide,48.847343,2.326299,Pharmacy
Saint-Germain-l'Auxerrois,48.859710000000064,2.3402400000000507,Pharmacie Bailly,48.87550839081666,2.324219505707976,Pharmacy
Saint-Germain-l'Auxerrois,48.859710000000064,2.3402400000000507,Plus Pharmacie Bader,48.852453776599674,2.343392372131348,Pharmacy
Saint-Germain-l'Auxerrois,48.859710000000064,2.3402400000000507,Pharmacie De Dunkerque,48.880984000000005,2.349689,Pharmacy
Saint-Germain-l'Auxerrois,48.859710000000064,2.3402400000000507,Pharmacie Lafayette,48.85993067631137,2.3486413002074142,Pharmacy
Saint-Germain-l'Auxerrois,48.859710000000064,2.3402400000000507,Le Roi de la Capote,48.86360475274337,2.371447853212066,Pharmacy
Saint-Germain-l'Auxerrois,48.859710000000064,2.3402400000000507,Pharmacie Bove,48.85760050344082,2.3237438697881423,Pharmacy
Saint-Germain-l'Auxerrois,48.859710000000064,2.3402400000000507,Pharmacie Monteux,48.85766011916821,2.322300822537414,Pharmacy
Saint-Germain-l'Auxerrois,48.859710000000064,2.3402400000000507,Pharmacie de la Tour Saint Jacques,48.858445886973456,2.3499842794522596,Pharmacy
Saint-Germain-l'Auxerrois,48.859710000000064,2.3402400000000507,Pharmacie Du 58,48.864803,2.373691,Pharmacy
Saint-Germain-l'Auxerrois,48.859710000000064,2.3402400000000507,Pharmacie Pharm O'naturel,48.871733,2.360403,Pharmacy
Saint-Germain-l'Auxerrois,48.859710000000064,2.3402400000000507,PHARMACIE SEVRES VANEAU,48.848209999999995,2.32017,Pharmacy
Saint-Germain-l'Auxerrois,48.859710000000064,2.3402400000000507,Pharmacie du Canal Saint-Martin,48.87194118764875,2.3607657311577905,Pharmacy
Saint-Germain-l'Auxerrois,48.859710000000064,2.3402400000000507,Pharmacie Haussmann-Laborde,48.875271000000005,2.3169470000000003,Pharmacy
Saint-Germain-l'Auxerrois,48.859710000000064,2.3402400000000507,Pharmacie Vavin,48.84348096176711,2.3296512978024637,Pharmacy
Saint-Germain-l'Auxerrois,48.859710000000064,2.3402400000000507,Pharmacie Première,48.8606151057411,2.34937495653925,Pharmacy
Saint-Germain-l'Auxerrois,48.859710000000064,2.3402400000000507,Parafarmacie,48.865047,2.35446,Pharmacy
Saint-Germain-l'Auxerrois,48.859710000000064,2.3402400000000507,Pharmacie Rue Des Ecoles,48.847981,2.351604,Pharmacy
Saint-Germain-l'Auxerrois,48.859710000000064,2.3402400000000507,Pharmacie Selve,48.852272033691406,2.339258909225464,Pharmacy
Saint-Germain-l'Auxerrois,48.859710000000064,2.3402400000000507,Pharmacie Du Sentier,48.86648813552337,2.3520523066651498,Pharmacy
Saint-Germain-l'Auxerrois,48.859710000000064,2.3402400000000507,Pharmacie des Arts Élysées,48.8729281004978,2.315863687545061,Pharmacy
Saint-Germain-l'Auxerrois,48.859710000000064,2.3402400000000507,Sakaré,48.85571939506649,2.334171167909048,Pharmacy
Saint-Germain-l'Auxerrois,48.859710000000064,2.3402400000000507,Pharmacie des Capucines,48.86867,2.3296259999999998,Pharmacy
Saint-Germain-l'Auxerrois,48.859710000000064,2.3402400000000507,Pharmacie,48.86589217248078,2.3470279250936903,Pharmacy
Saint-Germain-l'Auxerrois,48.859710000000064,2.3402400000000507,Pharmacie rue des Écoles,48.849931,2.3434909999999998,Pharmacy
Saint-Germain-l'Auxerrois,48.859710000000064,2.3402400000000507,Pharmacie Lacroix,48.85342013931163,2.3413538049398492,Pharmacy
Saint-Germain-l'Auxerrois,48.859710000000064,2.3402400000000507,Pharmacie de l'École de Médecine,48.851768,2.338693,Pharmacy
Saint-Germain-l'Auxerrois,48.859710000000064,2.3402400000000507,Pharmacie Cadet Lafayette,48.875955,2.343626,Pharmacy
Saint-Germain-l'Auxerrois,48.859710000000064,2.3402400000000507,Pharmacie Gay Lussac,48.8414865732193,2.3432207107543945,Pharmacy
Saint-Germain-l'Auxerrois,48.859710000000064,2.3402400000000507,Pharmacie Stéphanie Battino-Borgel,48.853713,2.3658080000000004,Pharmacy
Saint-Germain-l'Auxerrois,48.859710000000064,2.3402400000000507,Pharmacie Linné,48.843724,2.354893,Pharmacy
Saint-Germain-l'Auxerrois,48.859710000000064,2.3402400000000507,Pharmacie Saint Gilles,48.858331,2.364394,Pharmacy
Saint-Germain-l'Auxerrois,48.859710000000064,2.3402400000000507,Pharmacie Andarelli,48.8476430233665,2.3187110222201337,Pharmacy
Saint-Germain-l'Auxerrois,48.859710000000064,2.3402400000000507,115 rue st honore,48.86167694932191,2.3422328807356467,Pharmacy
Saint-Germain-l'Auxerrois,48.859710000000064,2.3402400000000507,Pharmacie Notre-Dame,48.851250280583685,2.3482203483581543,Pharmacy
Saint-Germain-l'Auxerrois,48.859710000000064,2.3402400000000507,Pharmacie Monge,48.8425925055892,2.3519352078437805,Pharmacy
Saint-Germain-l'Auxerrois,48.859710000000064,2.3402400000000507,Pharma scie,48.84602668712664,2.3430480758584045,Pharmacy
Saint-Germain-l'Auxerrois,48.859710000000064,2.3402400000000507,Nature House,48.862292662443984,2.354042604699725,Pharmacy
Saint-Germain-l'Auxerrois,48.859710000000064,2.3402400000000507,Pharmacie Badin,48.875138493187094,2.3384788935672147,Pharmacy
Saint-Germain-l'Auxerrois,48.859710000000064,2.3402400000000507,Pharmacie Pharma Tova,48.871522709750394,2.3150259332961425,Pharmacy
Saint-Germain-l'Auxerrois,48.859710000000064,2.3402400000000507,"Acuitis, Maison d'Optique et d'Audition",48.84287306,2.3231764999999998,Pharmacy
Les Halles,48.86319000000003,2.3420100000000734,Pharmacie Fontaine,48.88254019476824,2.333544230229899,Pharmacy
Les Halles,48.86319000000003,2.3420100000000734,pharmacie burdin,48.87986780641592,2.354332031849089,Pharmacy
Les Halles,48.86319000000003,2.3420100000000734,Pharmacie Saint Lazare,48.87772842525976,2.328588467009824,Pharmacy
Palais-Royal,48.863500000000045,2.338760000000036,Pharmacie 54 rue Beaubourg,48.86265182495117,2.3548316955566406,Pharmacy
Palais-Royal,48.863500000000045,2.338760000000036,PharmAvance,48.873108,2.35813,Pharmacy
Palais-Royal,48.863500000000045,2.338760000000036,Pharmacie Berdah,48.880363,2.352052,Pharmacy
Palais-Royal,48.863500000000045,2.338760000000036,Pharmacie MaxiPharma Haussmann Opéra,48.872972999999995,2.3342400000000003,Pharmacy
Palais-Royal,48.863500000000045,2.338760000000036,Pharmacie Centrale du Nord,48.878469966434075,2.3561523203570083,Pharmacy
Palais-Royal,48.863500000000045,2.338760000000036,Pharmacie Ecalle,48.87702267683481,2.3472739332454045,Pharmacy
Place-Vendôme,48.86778000000004,2.3301100000000474,Pharmacie Paris Eiffel,48.858565999999996,2.3026657000000004,Pharmacy
Place-Vendôme,48.86778000000004,2.3301100000000474,Pharmacie du Champ de Mars,48.857755,2.30084,Pharmacy
Place-Vendôme,48.86778000000004,2.3301100000000474,Pharmacie du Palais Royal,48.86220916271743,2.33960509300232,Pharmacy
Place-Vendôme,48.86778000000004,2.3301100000000474,Pharmacie du 7eme,48.855937,2.308026,Pharmacy
Place-Vendôme,48.86778000000004,2.3301100000000474,Pharmacie Ramajo,48.85966905776899,2.300797010306589,Pharmacy
Place-Vendôme,48.86778000000004,2.3301100000000474,Pharmacie Buenavida,48.8677,2.3535197,Pharmacy
Place-Vendôme,48.86778000000004,2.3301100000000474,Pharmacie Anglaise des Champs-Élysées,48.870854,2.305774,Pharmacy
Place-Vendôme,48.86778000000004,2.3301100000000474,Pharmacie Boetie-Ponthieu,48.871194,2.307199,Pharmacy
Place-Vendôme,48.86778000000004,2.3301100000000474,Pharmacie Du Delta,48.88243717782333,2.3465018992386373,Pharmacy
Vivienne,48.87109994892962,2.3412800621789893,Pharmacie Custine,48.88955944044607,2.3434072580891274,Pharmacy
Vivienne,48.87109994892962,2.3412800621789893,Pharmacie Hermel,48.89093573798744,2.344447821378708,Pharmacy
Vivienne,48.87109994892962,2.3412800621789893,Pharmacie Ojourd'hui Internationale,48.88758305283753,2.3493782415849043,Pharmacy
Vivienne,48.87109994892962,2.3412800621789893,Pharma Daloy-toledano,48.86763795206109,2.375657451435053,Pharmacy
Mail,48.84321995614296,2.322170080500852,Grande Pharmacie du Commerce,48.84453224698781,2.293907530214689,Pharmacy
Mail,48.84321995614296,2.322170080500852,Pharmacie Hayoun Pharmavance Vouillé Convention,48.835105,2.303659,Pharmacy
Mail,48.84321995614296,2.322170080500852,Pharmacie de la Mairie,48.831515,2.3264810000000002,Pharmacy
Mail,48.84321995614296,2.322170080500852,Pharmacie De La Bourdonnais,48.856898,2.30108,Pharmacy
Mail,48.84321995614296,2.322170080500852,Pharmacie Casejuane Vitte,48.839779,2.30154,Pharmacy
Mail,48.84321995614296,2.322170080500852,Pharmacie Idoine,48.842710279128504,2.323782017217229,Pharmacy
Mail,48.84321995614296,2.322170080500852,Pharmacie Place Cambronne,48.846393334421165,2.30205657550209,Pharmacy
Mail,48.84321995614296,2.322170080500852,Pharmacie Buffon,48.84490568999157,2.311573361352558,Pharmacy
Mail,48.84321995614296,2.322170080500852,Pharmacie de la Porte de Vanves,48.82763885320795,2.3057510919615183,Pharmacy
Mail,48.84321995614296,2.322170080500852,Pharmacie de la Glacière,48.83053767972867,2.3439028988613964,Pharmacy
Mail,48.84321995614296,2.322170080500852,Pharmacie Bir Hakeim,48.85381698608398,2.289060115814209,Pharmacy
Mail,48.84321995614296,2.322170080500852,Parapharmacie Eiffel Para,48.85472337946103,2.2949972748756413,Pharmacy
Mail,48.84321995614296,2.322170080500852,Aprium Pharmacie Oceane,48.849234505566606,2.2914192080497737,Pharmacy
Mail,48.84321995614296,2.322170080500852,Pharmacie Rive gauche,48.82652924757036,2.3234805283801885,Pharmacy
Mail,48.84321995614296,2.322170080500852,Pharmacie de la Paix,48.83055114746094,2.3088915348052983,Pharmacy
Mail,48.84321995614296,2.322170080500852,Pharmacie Vaugirard,48.840529,2.304965,Pharmacy
Mail,48.84321995614296,2.322170080500852,Pharmacie S. Danan,48.840400066362726,2.3006941123536984,Pharmacy
Mail,48.84321995614296,2.322170080500852,Pharmacie Blanqui,48.82943913190078,2.3480938800132396,Pharmacy
Mail,48.84321995614296,2.322170080500852,Pharmacie Blomet Convention,48.8379756051904,2.2930835510554486,Pharmacy
Mail,48.84321995614296,2.322170080500852,Pharmacie Lecrubier,48.84602421993618,2.306763074715667,Pharmacy
Bonne-Nouvelle,48.871060000000064,2.347910036643764,La Pharmacie,48.889251395468776,2.359969528328445,Pharmacy
Bonne-Nouvelle,48.871060000000064,2.347910036643764,Pharmacie Familyprix,48.884159000000004,2.3750720000000003,Pharmacy
Arts-et-Métiers,48.81769380634804,2.334053322447508,Pharmacie de Paris,48.81841,2.3224099999999996,Pharmacy
Arts-et-Métiers,48.81769380634804,2.334053322447508,Pharmacie Kellermann,48.82067064,2.35049503,Pharmacy
Arts-et-Métiers,48.81769380634804,2.334053322447508,Aprium Pharmacie du Lion,48.83294104243522,2.3316067155974447,Pharmacy
Arts-et-Métiers,48.81769380634804,2.334053322447508,Pharmacie Raspail,48.80215463149138,2.3314370959997177,Pharmacy
Arts-et-Métiers,48.81769380634804,2.334053322447508,Pharmacie du Parc,48.826004,2.341828,Pharmacy
Arts-et-Métiers,48.81769380634804,2.334053322447508,Pharmacie Du Square,48.8131872259839,2.306887204307696,Pharmacy
Arts-et-Métiers,48.81769380634804,2.334053322447508,Pharmacie Republique,48.81350386197482,2.317661308431311,Pharmacy
Arts-et-Métiers,48.81769380634804,2.334053322447508,Pharmacie Saint Jacques,48.830979716921576,2.343407167342602,Pharmacy
Arts-et-Métiers,48.81769380634804,2.334053322447508,Pharmacie du Rond Point,48.81683421687954,2.3185034099087654,Pharmacy
Arts-et-Métiers,48.81769380634804,2.334053322447508,Pharmacie Italie Tolbiac,48.826074894873706,2.3576647415757184,Pharmacy
Arts-et-Métiers,48.81769380634804,2.334053322447508,Pharmacie Chardaire,48.83076558727554,2.329750657081604,Pharmacy
Arts-et-Métiers,48.81769380634804,2.334053322447508,Pharmacie du Rond-Point,48.803726057093066,2.320690155029297,Pharmacy
Arts-et-Métiers,48.81769380634804,2.334053322447508,pharmacie truffier,48.81119296822814,2.314523085951805,Pharmacy
Arts-et-Métiers,48.81769380634804,2.334053322447508,Grande Pharmacie Daguerre,48.83451172450557,2.328423159907968,Pharmacy
Arts-et-Métiers,48.81769380634804,2.334053322447508,Pharmacie Arago,48.835161885035255,2.346503734588623,Pharmacy
Arts-et-Métiers,48.81769380634804,2.334053322447508,Audioprothésiste Le Kremlin Bicetre Audika,48.80944747,2.36114784,Pharmacy
Arts-et-Métiers,48.81769380634804,2.334053322447508,Pharmacie Okabe,48.8124293621345,2.3618208034767805,Pharmacy
Arts-et-Métiers,48.81769380634804,2.334053322447508,Pharmacie Senant,48.81387,2.316461,Pharmacy
Arts-et-Métiers,48.81769380634804,2.334053322447508,Pharmacie Casaurang,48.8161392211914,2.36096954345703,Pharmacy
Arts-et-Métiers,48.81769380634804,2.334053322447508,Pharmacie LOR & KEUK,48.826489997886355,2.347003968192793,Pharmacy
Arts-et-Métiers,48.81769380634804,2.334053322447508,VitaMin&Co,48.82109379560102,2.3609917645263665,Pharmacy
Arts-et-Métiers,48.81769380634804,2.334053322447508,Pharmacie Dupain,48.81638753012247,2.311323881149292,Pharmacy
Arts-et-Métiers,48.81769380634804,2.334053322447508,Pharmacie de la Poste,48.812374,2.3264400000000003,Pharmacy
Arts-et-Métiers,48.81769380634804,2.334053322447508,Pharmacie De La Butte Aux Cailles,48.82837200822976,2.34864802673838,Pharmacy
Arts-et-Métiers,48.81769380634804,2.334053322447508,Pharmacie Bensouda Ghizlane,48.80933051387355,2.361859984263745,Pharmacy
Arts-et-Métiers,48.81769380634804,2.334053322447508,Pharmacie De L'eglise,48.817500090267146,2.3196131027047864,Pharmacy
Arts-et-Métiers,48.81769380634804,2.334053322447508,Espace Santé,48.8144645690918,2.320424795150757,Pharmacy
Arts-et-Métiers,48.81769380634804,2.334053322447508,Pharmacie de la Porte D'Italie,48.82097116794439,2.3609815619513475,Pharmacy
Enfants-Rouges,48.86294000000004,2.361239981678191,Pharmacie de Bretagne,48.862821999999994,2.362798,Pharmacy
Enfants-Rouges,48.86294000000004,2.361239981678191,Pharmacie Centrale de la Bastille,48.853406527206744,2.3690436230799112,Pharmacy
Enfants-Rouges,48.86294000000004,2.361239981678191,Pharmacie Reuilly-Diderot,48.84706743119399,2.3870173557912,Pharmacy
Enfants-Rouges,48.86294000000004,2.361239981678191,pharmacie ledru rollin,48.85199,2.376618,Pharmacy
Enfants-Rouges,48.86294000000004,2.361239981678191,Pharmacie centrale Saint Antoine,48.850294,2.381756,Pharmacy
Enfants-Rouges,48.86294000000004,2.361239981678191,Laboratoire ANA17,48.851172930875684,2.3772609785811682,Pharmacy
Enfants-Rouges,48.86294000000004,2.361239981678191,Pharmacie Voltaire,48.864732000000004,2.368362,Pharmacy
Archives,48.863570025535296,2.3608899233943887,Pharmacie De La Semeuse,48.85179081421494,2.3775930252501905,Pharmacy
Saint-Gervais,48.85480000000007,2.3539300000000485,Pharmacie Quai d'Austerlitz,48.83752142005982,2.373539960096414,Pharmacy
Saint-Gervais,48.85480000000007,2.3539300000000485,Pharmacie De Bercy,48.84111,2.37411,Pharmacy
Saint-Gervais,48.85480000000007,2.3539300000000485,Pharmacie Lannois,48.84153641895433,2.372927115290373,Pharmacy
Arsenal,48.85361000000007,2.366080000000068,Pharmacie philippe auguste,48.85286814356893,2.3929631881350795,Pharmacy
Arsenal,48.85361000000007,2.366080000000068,Pharmacie Dunois,48.833515999999996,2.3655060000000003,Pharmacy
Arsenal,48.85361000000007,2.366080000000068,Pharmacie Habib,48.855436,2.400012,Pharmacy
Quartier Saint-Victor,48.848401106177356,2.350754544036743,Aprium Pharmacie Jeanne D'Arc,48.83153660000001,2.3663321,Pharmacy
Jardin-des-Plantes,48.84214000000003,2.3556700000000315,Pharmacie Massena,48.824274,2.3662229999999997,Pharmacy
Val-de-Grâce,48.84092000000004,2.3444300000000453,Pharmacie Centrale de la Pitie,48.8376,2.36815,Pharmacy
Val-de-Grâce,48.84092000000004,2.3444300000000453,Pharmacie Rive Gauche,48.8488399181247,2.3287463907269905,Pharmacy
Odéon,48.84914000000003,2.338640000000056,Phu Xuan,48.85102100572807,2.3394699622598694,Pharmacy
Odéon,48.84914000000003,2.338640000000056,Pharmacie Beaubourg,48.86170473155944,2.351862750874716,Pharmacy
Odéon,48.84914000000003,2.338640000000056,Pharmacie Forum des Halles,48.86174108790669,2.3469117175473304,Pharmacy
Odéon,48.84914000000003,2.338640000000056,Pharmacie Port Royal,48.83958765611355,2.337251876887977,Pharmacy
Odéon,48.84914000000003,2.338640000000056,Pharmacie Du Village,48.858650722818496,2.353615903296391,Pharmacy
Odéon,48.84914000000003,2.338640000000056,Pharmacie Edgar Quinet,48.84122778937653,2.3252740502357483,Pharmacy
Odéon,48.84914000000003,2.338640000000056,Pharmacie Juillet,48.843955,2.32923,Pharmacy
Odéon,48.84914000000003,2.338640000000056,Pharmacie Casanova,48.86680162927009,2.335623433884893,Pharmacy
Odéon,48.84914000000003,2.338640000000056,Pharmacie Henri IV,48.85193842475796,2.364785671234131,Pharmacy
Les Invalides,48.858379926712615,2.31288997446484,Pharmacie du Drugstore des Champs-Élysées,48.87265310933415,2.2969928383827205,Pharmacy
Les Invalides,48.858379926712615,2.31288997446484,Pharmacie Mac Mahon,48.87639768905304,2.294601287380293,Pharmacy
Les Invalides,48.858379926712615,2.31288997446484,DELUXE BEAUTÉ,48.86507533,2.29099544,Pharmacy
Les Invalides,48.858379926712615,2.31288997446484,Pharmacie Victor Hugo,48.8727008579536,2.2929836821328657,Pharmacy
École-Militaire,48.85261000000003,2.303030000000035,La Grande Pharmacie du XVe,48.84444304639381,2.283665247281085,Pharmacy
École-Militaire,48.85261000000003,2.303030000000035,Aprium Pharmacie Dubly,48.8676494,2.2899652,Pharmacy
École-Militaire,48.85261000000003,2.303030000000035,Pharmacie Lourmel,48.83897695439875,2.2827003734961826,Pharmacy
École-Militaire,48.85261000000003,2.303030000000035,Pharmacie Armand Lepot,48.85114773764701,2.2748243808746342,Pharmacy
École-Militaire,48.85261000000003,2.303030000000035,Pharmacie Care Store,48.8446044921875,2.2837414741516118,Pharmacy
École-Militaire,48.85261000000003,2.303030000000035,Pharmacie Centrale De Passy,48.858125984323046,2.280763943661529,Pharmacy
École-Militaire,48.85261000000003,2.303030000000035,Pharmacie Rémusat,48.84832273043525,2.2715898942073167,Pharmacy
École-Militaire,48.85261000000003,2.303030000000035,Pharmacie Saint Lambert,48.8408737018176,2.2969239893448483,Pharmacy
École-Militaire,48.85261000000003,2.303030000000035,Pharmacie vaugirard,48.8338059723881,2.289941234254384,Pharmacy
École-Militaire,48.85261000000003,2.303030000000035,Pharmacie Mirabeau,48.842820502432545,2.2798472508638197,Pharmacy
Gros-Caillou,48.85838000000007,2.2990100000000666,Aprium Pharmacie de la Faisanderie,48.868377,2.275709,Pharmacy
Gros-Caillou,48.85838000000007,2.2990100000000666,Pharmacie Porte Maillot,48.877271639630756,2.2856836967757337,Pharmacy
Gros-Caillou,48.85838000000007,2.2990100000000666,Pharmacie Daniel,48.844468390600355,2.2793936433706348,Pharmacy
Gros-Caillou,48.85838000000007,2.2990100000000666,Pharmacie Albou,48.866301358554075,2.277655712226992,Pharmacy
Gros-Caillou,48.85838000000007,2.2990100000000666,Catherine Beaulieu,48.86527234,2.28624701,Pharmacy
Gros-Caillou,48.85838000000007,2.2990100000000666,Pharmacie Seguin Henri Martin,48.86513041096057,2.2739434928935567,Pharmacy
Champs-Élysées,48.86906000000005,2.3099300000000653,Pharmacie Basire,48.868279,2.2810330000000003,Pharmacy
Champs-Élysées,48.86906000000005,2.3099300000000653,Aprium Pharmacie,48.8809719,2.28500710000003,Pharmacy
Champs-Élysées,48.86906000000005,2.3099300000000653,Pharmacie Perreire Wagram,48.88395940124503,2.3048125454415884,Pharmacy
Champs-Élysées,48.86906000000005,2.3099300000000653,Pharmacie Moreau,48.86538146864614,2.283352579094942,Pharmacy
Champs-Élysées,48.86906000000005,2.3099300000000653,Pharmacie Du Castor,48.882647999999996,2.292235,Pharmacy
Champs-Élysées,48.86906000000005,2.3099300000000653,Pharmacie de la Boétie,48.87145546065089,2.307188455758008,Pharmacy
Champs-Élysées,48.86906000000005,2.3099300000000653,Pharmacie Boujenah,48.874953999999995,2.286984,Pharmacy
Champs-Élysées,48.86906000000005,2.3099300000000653,Pharmacie de Breteuil,48.847742559742,2.3122448701453777,Pharmacy
Champs-Élysées,48.86906000000005,2.3099300000000653,Revlon Professional,48.87123951497236,2.3090669126648753,Pharmacy
Champs-Élysées,48.86906000000005,2.3099300000000653,Pharmacie de la Terrasse,48.88280878861529,2.3148995703711166,Pharmacy
Champs-Élysées,48.86906000000005,2.3099300000000653,La générale d'optique,48.878362780101966,2.2978591918945312,Pharmacy
Champs-Élysées,48.86906000000005,2.3099300000000653,Ordre des Pharmaciens,48.87916956685319,2.3099950960892275,Pharmacy
Champs-Élysées,48.86906000000005,2.3099300000000653,Pharmacie des Trois Avenues,48.878725,2.294515,Pharmacy
Champs-Élysées,48.86906000000005,2.3099300000000653,Pharmacie Marbeuf,48.86867679787469,2.304221195227386,Pharmacy
Champs-Élysées,48.86906000000005,2.3099300000000653,Pharmacie Rouche,48.874628,2.3084729999999998,Pharmacy
Faubourg-du-Roule,48.876817692132214,2.299610696835724,Pharmacie du parc,48.883701254631895,2.2778461161067054,Pharmacy
Faubourg-du-Roule,48.876817692132214,2.299610696835724,Pharmacie de l'Arcade,48.8734201657124,2.322088920173645,Pharmacy
Faubourg-du-Roule,48.876817692132214,2.299610696835724,Pharmacie Fromentin,48.89285431427249,2.316371590004219,Pharmacy
Faubourg-du-Roule,48.876817692132214,2.299610696835724,Pharmacie De La Porte D'Asnieres,48.88936492380815,2.3049902493711083,Pharmacy
Faubourg-du-Roule,48.876817692132214,2.299610696835724,Grande Pharmacie Brochant,48.891870000000004,2.31842,Pharmacy
Faubourg-du-Roule,48.876817692132214,2.299610696835724,Pharmacie Clement Marot,48.86805960741547,2.303261739807524,Pharmacy
Faubourg-du-Roule,48.876817692132214,2.299610696835724,Pharmacie Luporsi,48.89209956368803,2.2839561889642472,Pharmacy
Faubourg-du-Roule,48.876817692132214,2.299610696835724,Pharmacie Remtoula,48.881518485559816,2.2967251047806685,Pharmacy
Faubourg-du-Roule,48.876817692132214,2.299610696835724,Optique Du Front De Seine,48.89405836137304,2.2927178213039574,Pharmacy
Faubourg-du-Roule,48.876817692132214,2.299610696835724,Pharmacie rue Sauffroy,48.89210872773488,2.3239576337372547,Pharmacy
Europe,48.88223000000005,2.325990000000046,Pharmacie Labrely,48.89122767799941,2.351615094580988,Pharmacy
Europe,48.88223000000005,2.325990000000046,Pharmacie Goldfarb,48.87688,2.341697,Pharmacy
Europe,48.88223000000005,2.325990000000046,Univers Pharmacy,48.895284027413766,2.3454103373869,Pharmacy
Europe,48.88223000000005,2.325990000000046,PHARMACIE METRO LAMARCK,48.89026,2.3362700000000003,Pharmacy
Europe,48.88223000000005,2.325990000000046,Pharmacie de l'Eden,48.89428368052715,2.3326284618212867,Pharmacy
Europe,48.88223000000005,2.325990000000046,Pharmacie Europeenne,48.89434483372371,2.3496354966927497,Pharmacy
Saint-Georges,48.87957997446482,2.3743400405389403,Pharmacie Chor,48.873671059743,2.3646958172321315,Pharmacy
Saint-Georges,48.87957997446482,2.3743400405389403,PHARMACIE DE LA PORTE BRUNET,48.88325,2.39548,Pharmacy
Saint-Georges,48.87957997446482,2.3743400405389403,Pharmacie de la Place de la République,48.866460165642884,2.3642686750201345,Pharmacy
Saint-Georges,48.87957997446482,2.3743400405389403,Pharmacie de L'Ourcq,48.893015679936006,2.3775212610260867,Pharmacy
Saint-Georges,48.87957997446482,2.3743400405389403,Pharmacie Max Journo,48.876849,2.394268,Pharmacy
Saint-Georges,48.87957997446482,2.3743400405389403,Pharmacie du Marché,48.89162629891306,2.3612335235169466,Pharmacy
Saint-Georges,48.87957997446482,2.3743400405389403,Pharmacie De La Place,48.857196601645725,2.38075,Pharmacy
Saint-Georges,48.87957997446482,2.3743400405389403,Pharmacie Amar,48.86433990362846,2.3713448606918903,Pharmacy
Saint-Georges,48.87957997446482,2.3743400405389403,Pharmacie Dahan,48.86838983261,2.372281789861471,Pharmacy
Saint-Georges,48.87957997446482,2.3743400405389403,Pharmacie De La Place Cochet,48.88627,2.394638,Pharmacy
Saint-Georges,48.87957997446482,2.3743400405389403,Pharmacie de la Géode,48.89204939954524,2.3789691925048833,Pharmacy
Saint-Georges,48.87957997446482,2.3743400405389403,Pharmacie Du Soleil,48.87476875388957,2.356683008022655,Pharmacy
Saint-Georges,48.87957997446482,2.3743400405389403,Pharmacie des Orgues de Flandre,48.89054808888764,2.3758135735988617,Pharmacy
Saint-Georges,48.87957997446482,2.3743400405389403,Pharmacie Well&Well,48.869769280305434,2.394862575590869,Pharmacy
Saint-Georges,48.87957997446482,2.3743400405389403,Pharmacie Bénad,48.857549,2.3565560000000003,Pharmacy
Saint-Georges,48.87957997446482,2.3743400405389403,Pharmacie du 11ème,48.857019656078776,2.380309533583417,Pharmacy
Saint-Georges,48.87957997446482,2.3743400405389403,Pharmacie Nomber-Lottin,48.875134,2.388994,Pharmacy
Saint-Georges,48.87957997446482,2.3743400405389403,Sylvie Rebibo Médecin,48.865365564235184,2.3718523427887512,Pharmacy
Saint-Georges,48.87957997446482,2.3743400405389403,Pharmacie Moderne De Paris,48.8689359190991,2.3467857072285936,Pharmacy
Saint-Georges,48.87957997446482,2.3743400405389403,Pharmacie Trotel Marx Dormoy,48.88991552110792,2.3604124761186545,Pharmacy
Saint-Georges,48.87957997446482,2.3743400405389403,Pharmacie St Gervais,48.880219,2.398458,Pharmacy
Saint-Georges,48.87957997446482,2.3743400405389403,Acms,48.889343433994725,2.3806705214167394,Pharmacy
Folie-Méricourt,48.86471485042622,2.3712079772209123,Pharmacie Les Filles du Calvaire,48.86077131917591,2.3673413131212797,Pharmacy
Folie-Méricourt,48.86471485042622,2.3712079772209123,Pharmacie Monte Cristo,48.857395000000004,2.398767,Pharmacy
Saint-Ambroise,48.861662428528966,2.3762897107503,Pharmacie du Boulevard de Charonne,48.854559,2.396277,Pharmacy
Saint-Ambroise,48.861662428528966,2.3762897107503,Pharmacie des écoles,48.869856,2.402805,Pharmacy
Saint-Ambroise,48.861662428528966,2.3762897107503,Belgrand Tenon,48.86414427718189,2.407375533586479,Pharmacy
La Roquette,48.85986083825819,2.388863294193945,Pharmacie Saint-Fargeau,48.87204494836383,2.404437965858421,Pharmacy
La Roquette,48.85986083825819,2.388863294193945,Pharmacie de la Porte de Montreuil,48.85357905195804,2.4107160169984154,Pharmacy
La Roquette,48.85986083825819,2.388863294193945,Pharmacie Maraîchers,48.85339269166104,2.4060487747192383,Pharmacy
La Roquette,48.85986083825819,2.388863294193945,Pharmacie Zemiro,48.866801665872316,2.416470835688049,Pharmacy
La Roquette,48.85986083825819,2.388863294193945,Pharmacie Bonne Nouvelle,48.862587,2.4193616000000002,Pharmacy
La Roquette,48.85986083825819,2.388863294193945,Pharmacie City Pharma,48.846783,2.410827,Pharmacy
La Roquette,48.85986083825819,2.388863294193945,Pharmacie de la Grande Place,48.84549969738589,2.416650709180032,Pharmacy
La Roquette,48.85986083825819,2.388863294193945,Pharmacie de la Porte de Vincennes,48.84657431185341,2.411534174260292,Pharmacy
La Roquette,48.85986083825819,2.388863294193945,Grand Pharmacie De Bercy,48.83662648158726,2.3925773319155685,Pharmacy
La Roquette,48.85986083825819,2.388863294193945,Pharmacie Houdard,48.869205,2.409086,Pharmacy
La Roquette,48.85986083825819,2.388863294193945,Nagoutche Market,48.864717,2.418965,Pharmacy
Sainte-Marguerite,48.852670000000046,2.381060000000048,Pharmacie du métro Michel Bizot,48.83689557992919,2.40224540233612,Pharmacy
Sainte-Marguerite,48.852670000000046,2.381060000000048,Pharmacie Courteline,48.844395773222104,2.4104222242948388,Pharmacy
Sainte-Marguerite,48.852670000000046,2.381060000000048,Pharmacie Ralitera,48.8365224,2.3999078,Pharmacy
Bel-Air,48.84824002553529,2.296919988891562,Fontaine Pharma,48.850936126738475,2.271463821931675,Pharmacy
Bel-Air,48.84824002553529,2.296919988891562,Pharmacie Jouvenet,48.843018,2.264935,Pharmacy
Bel-Air,48.84824002553529,2.296919988891562,Pharmacie La Fontaine,48.85252490348244,2.27610847606822,Pharmacy
Bel-Air,48.84824002553529,2.296919988891562,Pharmacie Javel,48.84337891873693,2.2773119712668057,Pharmacy
Bel-Air,48.84824002553529,2.296919988891562,Pharmacie Lecourbe,48.843124646395,2.3035344438930916,Pharmacy
Picpus,48.844420036643754,2.402270015003712,City Pharma Nation,48.84853153624573,2.397307493549692,Pharmacy
Picpus,48.844420036643754,2.402270015003712,Pharmacie De La Mairie,48.84411,2.4178900000000003,Pharmacy
Picpus,48.844420036643754,2.402270015003712,Grande Pharmacie de Charenton,48.825898346078,2.4058705111827643,Pharmacy
Picpus,48.844420036643754,2.402270015003712,Pharmacie Voltaire Dumas,48.852994263897884,2.389174618652538,Pharmacy
Picpus,48.844420036643754,2.402270015003712,Pharmacie du Soleil,48.848545,2.432921,Pharmacy
Picpus,48.844420036643754,2.402270015003712,Pharmacie Paul Bert,48.85249,2.384849,Pharmacy
Picpus,48.844420036643754,2.402270015003712,Pharmacie De La Bibliotheque,48.83053277438097,2.37803470415431,Pharmacy
Picpus,48.844420036643754,2.402270015003712,Pharmacie Saint-Antoine,48.850589,2.379279,Pharmacy
Picpus,48.844420036643754,2.402270015003712,Pharmacie Citypharma,48.849136,2.397436,Pharmacy
Picpus,48.844420036643754,2.402270015003712,Pharmacie Wolfmann,48.844728728104755,2.3820254684570874,Pharmacy
Picpus,48.844420036643754,2.402270015003712,Pharmacie Paris Charonne,48.855129999999996,2.387604,Pharmacy
Picpus,48.844420036643754,2.402270015003712,Pharmacie Pobel,48.843953000000006,2.4315900000000004,Pharmacy
Picpus,48.844420036643754,2.402270015003712,Pharmacie Morchoisne et Chhun,48.84256394433217,2.4040845675121933,Pharmacy
Picpus,48.844420036643754,2.402270015003712,Pharmacie Leaderpromo,48.840982000000004,2.417016,Pharmacy
Picpus,48.844420036643754,2.402270015003712,Pharmacie Des Vignerons,48.843799,2.431164,Pharmacy
Picpus,48.844420036643754,2.402270015003712,Pharmacie Des Pyrenees,48.857445,2.404175,Pharmacy
Bercy,48.83488000000007,2.38459000000006,Aprium Pharmacie Centrale Seine,48.82733872040698,2.3720284384218724,Pharmacy
Bercy,48.83488000000007,2.38459000000006,Pharmacie de L'église,48.829885,2.3714419999999996,Pharmacy
Bercy,48.83488000000007,2.38459000000006,Pharmacie Opéra Bastille,48.854485,2.3701937,Pharmacy
Bercy,48.83488000000007,2.38459000000006,Pharmacie 7/7 Place Félix Éboué,48.839224,2.395757,Pharmacy
Bercy,48.83488000000007,2.38459000000006,Pharmacie Cuvier,48.84069851884834,2.356098922752617,Pharmacy
Bercy,48.83488000000007,2.38459000000006,Pharmacie Olympiades,48.824284527279474,2.3661882241076637,Pharmacy
Bercy,48.83488000000007,2.38459000000006,Ma Pharmacie,48.8539253289174,2.3674752324099932,Pharmacy
Bercy,48.83488000000007,2.38459000000006,Pharmacie des Gobelins,48.831196000000006,2.355914,Pharmacy
Bercy,48.83488000000007,2.38459000000006,Pharmacie Carrier-Danjou,48.846892195108644,2.3835879452006656,Pharmacy
Salpêtrière,48.835300000000075,2.3583000000000425,Pharmacie du Luxembourg,48.842486,2.337965,Pharmacy
Salpêtrière,48.835300000000075,2.3583000000000425,Pharmacie citypharma,48.85187313740321,2.360989954189321,Pharmacy
Salpêtrière,48.835300000000075,2.3583000000000425,Pharmacie Rivoli,48.85569931235354,2.3579835891723637,Pharmacy
La Gare,48.858269970569715,2.2723299744648124,Farmácia do Povo Trabalhador,48.85222625732422,2.2680540084838867,Pharmacy
La Gare,48.858269970569715,2.2723299744648124,Pharmacie Exelmans,48.84333550150235,2.2593563748523597,Pharmacy
La Gare,48.858269970569715,2.2723299744648124,Pharmacie Grande Armée,48.87709,2.285228,Pharmacy
La Gare,48.858269970569715,2.2723299744648124,Pharmacie Voillot,48.858343765440864,2.2847193852067,Pharmacy
La Gare,48.858269970569715,2.2723299744648124,Pharmacie Convention St Charles,48.843467,2.2827300152523557,Pharmacy
La Gare,48.858269970569715,2.2723299744648124,Pharmacie 111,48.868333420429536,2.2785919541299484,Pharmacy
La Gare,48.858269970569715,2.2723299744648124,Pharmacie Dambreville,48.851434999999995,2.26747,Pharmacy
La Gare,48.858269970569715,2.2723299744648124,Pharmacie du Garigliano,48.838943072655,2.2608500103918026,Pharmacy
La Gare,48.858269970569715,2.2723299744648124,Pharmacie Boissiere,48.86804721786686,2.2915544292931718,Pharmacy
La Gare,48.858269970569715,2.2723299744648124,Pharmacie des Sablons,48.856770000000004,2.264407,Pharmacy
La Gare,48.858269970569715,2.2723299744648124,Pharmacie La Perouse,48.87217894144515,2.2946351502126507,Pharmacy
La Gare,48.858269970569715,2.2723299744648124,Pharmacie Meyer,48.84111935693439,2.2818474381775307,Pharmacy
La Gare,48.858269970569715,2.2723299744648124,Pharmacie David Sebag,48.857898,2.280664,Pharmacy
La Gare,48.858269970569715,2.2723299744648124,Pharmacie BOUJEN,48.87631921621408,2.285349155109784,Pharmacy
La Gare,48.858269970569715,2.2723299744648124,Pharmacie Lamartine,48.867609,2.280063,Pharmacy
Maison-Blanche,48.82263001832193,2.3583900771826585,Pharmacie Leroy,48.83710732,2.35093405,Pharmacy
Maison-Blanche,48.82263001832193,2.3583900771826585,Pharmacie du Javelot,48.824525360193824,2.3656225204467773,Pharmacy
Maison-Blanche,48.82263001832193,2.3583900771826585,Pharmacie Tolbiac,48.827816999999996,2.372169,Pharmacy
Maison-Blanche,48.82263001832193,2.3583900771826585,Pharmacie Saint Medard,48.83910192626792,2.3502871580244684,Pharmacy
Maison-Blanche,48.82263001832193,2.3583900771826585,Pharmacie Claude Bernard,48.839454022305546,2.346560901961722,Pharmacy
Maison-Blanche,48.82263001832193,2.3583900771826585,Pharmacie  Bichet,48.83074647701226,2.3625849995236123,Pharmacy
Maison-Blanche,48.82263001832193,2.3583900771826585,Aurelien Bicrave S.A,48.839479,2.359641,Pharmacy
Maison-Blanche,48.82263001832193,2.3583900771826585,Pharmacie Leader Santé,48.831016999999996,2.344131,Pharmacy
Maison-Blanche,48.82263001832193,2.3583900771826585,Gobelins,48.8365258,2.352519900000061,Pharmacy
Maison-Blanche,48.82263001832193,2.3583900771826585,Pharmacie Mouhib,48.81747,2.37573,Pharmacy
Parc Montsouris,48.824410000000064,2.3377800000000657,Carrefour Express,48.846176,2.34139,Pharmacy
Parc Montsouris,48.824410000000064,2.3377800000000657,Aprium Pharmacie Place Falguiere,48.8360177,2.3099399999999832,Pharmacy
Parc Montsouris,48.824410000000064,2.3377800000000657,Pharmacie Du Dôme,48.841425419351204,2.3299432049316198,Pharmacy
Parc Montsouris,48.824410000000064,2.3377800000000657,Pharmacie De La Gare,48.83638474990097,2.314677793289256,Pharmacy
Parc Montsouris,48.824410000000064,2.3377800000000657,Pharmacie Montparnasse,48.8381405226001,2.32147465115411,Pharmacy
Petit-Montrouge,48.82642000000004,2.325200000000052,Pharmacie Treignier,48.82853011973288,2.301467950613697,Pharmacy
Petit-Montrouge,48.82642000000004,2.325200000000052,Pharmacie Odessa,48.84339887618352,2.3239629881589576,Pharmacy
Petit-Montrouge,48.82642000000004,2.325200000000052,Grande Pharmacie de l'Arrivée,48.843844,2.3222810000000003,Pharmacy
Petit-Montrouge,48.82642000000004,2.325200000000052,Neut,48.840546999999994,2.315054,Pharmacy
Saint-Lambert,48.841120000000046,2.2967700000000377,pharmacie du val de seine,48.82868847849043,2.265500429078103,Pharmacy
Saint-Lambert,48.841120000000046,2.2967700000000377,Pharmacie Corentin,48.826412,2.27965,Pharmacy
Saint-Lambert,48.841120000000046,2.2967700000000377,Pharmacie du Plateau,48.825421999999996,2.289345,Pharmacy
Grenelle,48.84842000000002,2.291640000000029,Pharmacie de l'École de Guerre,48.849667,2.299194,Pharmacy
Javel,48.84387001832192,2.2861300438571446,Pharmacie Du Haut Moulin,48.822994954478865,2.276032534504963,Pharmacy
Auteuil,48.846940000000075,2.2636600000000726,Pharmacie de l'Amicale Boulogne - Boticinal,48.8345,2.242825,Pharmacy
Auteuil,48.846940000000075,2.2636600000000726,Pharmacie Du Grand Pavois,48.83649691,2.28196744,Pharmacy
Auteuil,48.846940000000075,2.2636600000000726,Aprium Pharmacie du Château,48.842746000000005,2.2378303,Pharmacy
Auteuil,48.846940000000075,2.2636600000000726,Pharmacie Centrale,48.833895119924534,2.2435417771339417,Pharmacy
Auteuil,48.846940000000075,2.2636600000000726,Pharmacie De La Tour,48.86071629610366,2.2801181833222275,Pharmacy
Auteuil,48.846940000000075,2.2636600000000726,Pharmacie des Passages,48.837472876419724,2.239471671637148,Pharmacy
Auteuil,48.846940000000075,2.2636600000000726,Pharmacie Félix Faure,48.84208434596554,2.2905283584739893,Pharmacy
Auteuil,48.846940000000075,2.2636600000000726,Pharmacie Pharmavance,48.82880566757125,2.2463178634643555,Pharmacy
Auteuil,48.846940000000075,2.2636600000000726,Pharmavance,48.84355703560693,2.237731106579304,Pharmacy
Auteuil,48.846940000000075,2.2636600000000726,Pharmacie Dauriac,48.835370000000005,2.249788,Pharmacy
Auteuil,48.846940000000075,2.2636600000000726,Pharmacie de l hopital,48.82831082210741,2.281053072331641,Pharmacy
Auteuil,48.846940000000075,2.2636600000000726,Pharmacie de la Porte de St Cloud,48.83755585120945,2.257615327835083,Pharmacy
Auteuil,48.846940000000075,2.2636600000000726,Grande Pharmacie Jaurès,48.831891182177216,2.2447207546792924,Pharmacy
Auteuil,48.846940000000075,2.2636600000000726,Pharmacie Du Parc,48.84251590852565,2.244292195014005,Pharmacy
Auteuil,48.846940000000075,2.2636600000000726,Pharmacie Adam Pierre,48.8329858541401,2.2485202504321933,Pharmacy
Auteuil,48.846940000000075,2.2636600000000726,Pharmacie Maarek,48.83684561932173,2.243063699526463,Pharmacy
Porte-Dauphine,48.867530000000045,2.2802600000000552,Pharmacie Bilgraer,48.88142608466971,2.2705763759680115,Pharmacy
Porte-Dauphine,48.867530000000045,2.2802600000000552,Pharmacie Bernard Dahan,48.882473,2.268709,Pharmacy
Porte-Dauphine,48.867530000000045,2.2802600000000552,Pharmacie Heliopolis,48.88548,2.293457,Pharmacy
Chaillot,48.868940000000066,2.2915100000000734,PHARMACIE DU PARC MONCEAU,48.877590000000005,2.3059,Pharmacy
Les Ternes,48.87892002943042,2.2932500366437507,Pharmacie Château Villiers,48.89618152092906,2.2772258552020097,Pharmacy
Batignolles,48.883330000000065,2.3166700000000446,Pharmacie des Grands Boulevards,48.87118815499154,2.343134880065918,Pharmacy
Batignolles,48.883330000000065,2.3166700000000446,Pharmacie Cohen,48.90035831283552,2.3073434829711914,Pharmacy
Batignolles,48.883330000000065,2.3166700000000446,Pharmacie Drouot,48.875642,2.344604,Pharmacy
Batignolles,48.883330000000065,2.3166700000000446,Pharmacie des Allées,48.90580040087053,2.307431359825153,Pharmacy
Grandes-Carrières,48.89088000000004,2.3310200000000236,Pharmacie Centrale Martyrs,48.87885669233718,2.339932322502136,Pharmacy
Grandes-Carrières,48.89088000000004,2.3310200000000236,Pharmacie Garibaldi,48.90746114145244,2.3323220203001047,Pharmacy
Grandes-Carrières,48.89088000000004,2.3310200000000236,Pharmacie Pigalle,48.880609,2.342537,Pharmacy
Grandes-Carrières,48.89088000000004,2.3310200000000236,Orthopédie Delinotte,48.875202,2.317677,Pharmacy
Grandes-Carrières,48.89088000000004,2.3310200000000236,Pharmacie de la Fourche,48.88756644264521,2.3251292462697486,Pharmacy
Grandes-Carrières,48.89088000000004,2.3310200000000236,Care Store,48.874165000000005,2.3406860000000003,Pharmacy
Clignancourt,48.900987683787385,2.3476752905315954,Pharmacie Mathieu,48.89488470788096,2.3433539907210426,Pharmacy
Clignancourt,48.900987683787385,2.3476752905315954,Pharmacie Maubeuge,48.878698111772565,2.3466244339942928,Pharmacy
Clignancourt,48.900987683787385,2.3476752905315954,Pharmacie ZAC Claude Bernard,48.899071,2.379359,Pharmacy
Clignancourt,48.900987683787385,2.3476752905315954,Pharmacie Riquet,48.88986,2.362883,Pharmacy
Clignancourt,48.900987683787385,2.3476752905315954,Pharmacie De La Plaine,48.913213,2.358245,Pharmacy
Clignancourt,48.900987683787385,2.3476752905315954,Alfa Santé,48.892589,2.343881,Pharmacy
Clignancourt,48.900987683787385,2.3476752905315954,Pharmacie Benhaim,48.89346232282009,2.3391775567158644,Pharmacy
Clignancourt,48.900987683787385,2.3476752905315954,Pharmacie des Etoiles (Jaoui),48.91753603125787,2.3515570163726807,Pharmacy
Clignancourt,48.900987683787385,2.3476752905315954,Pharmacie 42,48.89358009260715,2.3234152793884277,Pharmacy
Clignancourt,48.900987683787385,2.3476752905315954,Pharmacie de la Gare,48.88710077852768,2.313523292541504,Pharmacy
Clignancourt,48.900987683787385,2.3476752905315954,Pharmacie Centrale de Montmartre,48.889377,2.337555,Pharmacy
Clignancourt,48.900987683787385,2.3476752905315954,Pharmacie Générale,48.884276,2.333486,Pharmacy
Clignancourt,48.900987683787385,2.3476752905315954,Pharmacie Des Batignolles,48.889208,2.319509,Pharmacy
La Villette,48.888190000000066,2.375290000000064,Pharmacie Benamram,48.883329903889866,2.3878097534179688,Pharmacy
La Villette,48.888190000000066,2.375290000000064,Pharmacie Secrétan,48.88197528268695,2.371973991394043,Pharmacy
La Villette,48.888190000000066,2.375290000000064,Pharmacie de la Gare de l'Est,48.876076608512705,2.3602044582366943,Pharmacy
La Villette,48.888190000000066,2.375290000000064,Pharmacie Labat-Poissonniers,48.890201219203824,2.3513317108154297,Pharmacy
La Villette,48.888190000000066,2.375290000000064,Pharmacie De L'Olivier,48.8689064252403,2.368356868681858,Pharmacy
La Villette,48.888190000000066,2.375290000000064,Pharmacie Assaad,48.89354339993495,2.403324204612308,Pharmacy
La Villette,48.888190000000066,2.375290000000064,Euro Santé Beauté,48.88306842155697,2.3667060667697246,Pharmacy
La Villette,48.888190000000066,2.375290000000064,Pharmacie du Simplon,48.89433019308362,2.349652913378389,Pharmacy
Pont-de-Flandre,48.89437000000004,2.3815300000000548,Docteur Leon Szwebel,48.877062,2.391953,Pharmacy
Pont-de-Flandre,48.89437000000004,2.3815300000000548,Pharmacie Conseil Santé Beauté Bokobza Richard,48.886081365252934,2.3912429809570312,Pharmacy
Pont-de-Flandre,48.89437000000004,2.3815300000000548,Pharmacie des 2 rues,48.88528444755371,2.379904409244422,Pharmacy
Pont-de-Flandre,48.89437000000004,2.3815300000000548,Pharmacie Bui-Nguyen,48.875732,2.3978472,Pharmacy
Pont-de-Flandre,48.89437000000004,2.3815300000000548,Pharmacie Elisa Dang,48.89161952634378,2.348283693035232,Pharmacy
Pont-de-Flandre,48.89437000000004,2.3815300000000548,Pharmacie Centrale (Dr A. Bana),48.895340000000004,2.362574,Pharmacy
Pont-de-Flandre,48.89437000000004,2.3815300000000548,Pharmacie Moderne,48.905731,2.3898740000000003,Pharmacy
Pont-de-Flandre,48.89437000000004,2.3815300000000548,Pharmacie Rebeval,48.87568164960441,2.3794893780801187,Pharmacy
Pont-de-Flandre,48.89437000000004,2.3815300000000548,pharmacie,48.8996075188437,2.3788220601533574,Pharmacy
Pont-de-Flandre,48.89437000000004,2.3815300000000548,Pharmacie Jaurès- Crimée,48.88657532943344,2.3871937667619183,Pharmacy
Pont-de-Flandre,48.89437000000004,2.3815300000000548,Pharmacie Hadj Ali,48.886764,2.353231,Pharmacy
Pont-de-Flandre,48.89437000000004,2.3815300000000548,Pharmacie Robert,48.88104395932653,2.3731005191802983,Pharmacy
Pont-de-Flandre,48.89437000000004,2.3815300000000548,Grande Pharmacie des Quatre Chemins,48.90604019165039,2.39490008354187,Pharmacy
Pont-de-Flandre,48.89437000000004,2.3815300000000548,Pharmacie Porte De La Chapelle,48.89753818299206,2.3592063629701543,Pharmacy
Pont-de-Flandre,48.89437000000004,2.3815300000000548,Pharmacie Doudeauville,48.888541073973684,2.3562060570358065,Pharmacy
Pont-de-Flandre,48.89437000000004,2.3815300000000548,Pharmacie de la Porte de Pantin,48.885717290852064,2.40391676804122,Pharmacy
Belleville,48.87018000000007,2.384230000000059,Pharmacie Conti,48.88497027561838,2.4078461619469445,Pharmacy
Saint-Fargeau,48.8715511337705,2.4039895849180293,Pharmacie De La Place Nadaud,48.86518,2.39502,Pharmacy
Saint-Fargeau,48.8715511337705,2.4039895849180293,Grande Pharmacie Saint Maur,48.862802048196706,2.379350066184997,Pharmacy
Saint-Fargeau,48.8715511337705,2.4039895849180293,Pharmodel,48.860155,2.403731,Pharmacy
Saint-Fargeau,48.8715511337705,2.4039895849180293,Pharmacie Khaless,48.857234000000005,2.431709,Pharmacy
Saint-Fargeau,48.8715511337705,2.4039895849180293,CAM,48.857825781631014,2.433724797491988,Pharmacy
Saint-Fargeau,48.8715511337705,2.4039895849180293,Pharmacie des familles,48.87899703837107,2.412069343728364,Pharmacy
Saint-Fargeau,48.8715511337705,2.4039895849180293,La Pharmacie du Métro,48.87917016775607,2.4192893514374507,Pharmacy
Saint-Fargeau,48.8715511337705,2.4039895849180293,Pharmacie Braud-Hamdan,48.86201,2.43301,Pharmacy
Saint-Fargeau,48.8715511337705,2.4039895849180293,La Grande Pharmacie Des Lilas,48.88054864500832,2.4183187685526217,Pharmacy
